user_input,retrieved_contexts,response,reference,context_recall,faithfulness,factual_correctness(mode=f1)
What are the feline life stages described in the guidelines?,"['The guidelines describe five feline life stages: kitten, young adult, mature adult, senior, and end-of-life.']","**Feline Life‑Stage Categories (as outlined in the AAHA/AAFP guidelines)**  

| Life‑Stage | Typical Age Range | Key Focus Areas |
|------------|-------------------|-----------------|
| **Kitten** | 0 – 12 months | • Rapid growth & nutrition<br>• Core vaccination series (FVRCP, FeLV, etc.)<br>• Parasite control basics (fleas, worms)<br>• Early socialization & behavior training |
| **Young Adult** | ≈ 1 – 3 years | • Maintenance nutrition & weight control<br>• Booster vaccinations as needed<br>• Ongoing parasite prevention<br>• Enrichment & behavioral health |
| **Mature Adult** | ≈ 4 – 10 years | • Balanced diet & weight management<br>• Periodic vaccination boosters<br>• Sustained parasite control<br>• Routine diagnostics (CBC, chemistry, urinalysis) to catch early chronic conditions |
| **Senior** | ≥ 11 years | • Age‑appropriate nutrition (digestibility, renal/heart‑healthy formulas)<br>• Age‑specific vaccination schedule (e.g., rabies every 1–3 yrs)<br>• Regular parasite prevention<br>• Monitoring for age‑related behavior changes<br>• Comprehensive diagnostics (thyroid, cardiac, mobility) |
| **End‑of‑Life** | When quality of life declines | • Comfort‑focused nutrition (palatable, easy to digest)<br>• Minimal medical interventions; focus on quality of life<br>• Parasite prevention usually omitted unless needed<br>• Diagnostic testing aimed at confirming diagnosis and pain assessment |

These stages provide a framework for tailoring nutrition, vaccination, parasite control, behavior support, and diagnostics to a cat’s developmental and aging needs.","The guidelines describe five feline life stages: kitten, young adult, mature adult, senior, and end-of-life.",1.0,,
Why is a cat's life stage important during a regular examination visit?,"[""A cat's life stage is important because most components of a treatment or healthcare plan are guided by it, and each exam should include a life stage assessment.""]","**Why a cat’s life stage matters during a routine exam**

The AAHA/AAFP Feline Life‑Stage Guidelines (2021) show that a cat’s health, behavior, and preventive‑care needs change dramatically as it ages.  A life‑stage‑based approach lets the veterinarian tailor the exam to the cat’s current physiology and risk profile, which improves outcomes and owner compliance.

| Life stage | What the exam focuses on |
|------------|--------------------------|
| **Kitten (0–1 yr)** | Rapid growth, weight control, early parasite control, full vaccination schedule, behavior & environmental education. |
| **Young adult (1–6 yr)** | Growth plateau, weight maintenance, continued parasite & vaccination updates, early detection of behavioral or environmental issues. |
| **Mature adult (7–10 yr)** | Onset of age‑related changes, weight monitoring, dental health, parasite control, early diagnostic testing. |
| **Senior (>10 yr)** | Chronic‑disease risk (kidney, heart, endocrine), focused diagnostics (CBC, chemistry, urinalysis, imaging), more frequent dental checks, vaccine revaccination as needed. |
| **End‑of‑life** | Palliative care planning, quality‑of‑life discussions, humane options. |

**Key reasons the life stage matters**

1. **Nutrition & weight** – Age‑specific diets (kitten formula vs senior formula) and weight‑chart targets differ.  
2. **Vaccination schedule** – Revaccination intervals and core/non‑core vaccines change with age.  
3. **Parasite control** – Flea, tick, and worm protocols are adjusted for spay‑neuter status and age.  
4. **Behavior & environment** – Enrichment and owner education are tailored to developmental needs.  
5. **Diagnostics** – Routine screening tests (CBC, chemistry, urinalysis, imaging) are scheduled based on age‑related risk.  
6. **Oral & systemic health** – Dental exams and systemic disease monitoring are more frequent in seniors.  
7. **Zoonotic risk** – Older cats may shed bacteria or parasites, so precautions are emphasized.  

By aligning the exam with the cat’s life stage, the veterinarian ensures that preventive measures match the cat’s physiological changes, leading to better health outcomes and more effective owner guidance.","A cat's life stage is important because most components of a treatment or healthcare plan are guided by it, and each exam should include a life stage assessment.",1.0,,
Why do the guidelines emphasize regular healthcare visits for cats?,"[""The guidelines emphasize regular visits because cats can transition between life stages quickly, signs of illness can be difficult to detect, and individualized preventive care should evolve throughout the cat's lifetime.""]","**Why the guidelines stress routine wellness visits for cats**

| What the guidelines say | Why it matters |
|--------------------------|----------------|
| **Early detection of disease** | Cats are masters at hiding pain or illness. A regular exam gives the vet a chance to spot problems—like dental disease, kidney issues, or early‑stage cancers—before they become serious. |
| **Preventive‑care planning** | Each life‑stage (kitten, young adult, mature adult, senior, end‑of‑life) has its own set of risks. Routine visits let the vet tailor vaccinations, parasite control, nutrition, weight management, and oral‑health plans to the cat’s current age and health status. |
| **Owner education & engagement** | Structured, life‑stage discussions reinforce the idea that cats *do* need medical care. They help owners understand what to look for at home and improve compliance with preventive measures. |
| **Stress‑minimizing handling** | The guidelines recommend feline‑friendly handling techniques that reduce anxiety during the visit. Less stress means safer interactions for both cat and vet, and it encourages owners to bring their cats back more often. |
| **Improving overall utilization** | Studies cited in the guidelines show that cats receive about half as many veterinary visits as dogs. By encouraging regular wellness checks, the goal is to bring cat care frequency closer to that of dogs, improving overall health outcomes. |
| **Longevity & quality of life** | A lifelong, individualized approach—updated at every visit—helps cats live longer, healthier lives with fewer acute emergencies. |

In short, the guidelines view routine wellness visits as the **backbone of effective feline health care**: they enable early disease detection, allow age‑appropriate preventive measures, educate owners, reduce stress, and ultimately improve a cat’s lifespan and quality of life.","The guidelines emphasize regular visits because cats can transition between life stages quickly, signs of illness can be difficult to detect, and individualized preventive care should evolve throughout the cat's lifetime.",1.0,,
Why are cats often underserved in the primary care setting compared with dogs?,"['Cats are often underserved because owners may believe they do not need medical care, signs of illness and pain can be hard to detect, and cats are perceived as self-sufficient.']","**Why cats are often underserved in primary‑care settings compared with dogs**

| Factor | How it affects feline care | Evidence (retrieved) |
|--------|---------------------------|----------------------|
| **Owner misconceptions** | Many cat owners believe that cats “do not need medical care” or that they are self‑sufficient. This perception leads to fewer routine visits and delayed treatment of illness. | *Cats are underserved in the primary‑care setting compared with dogs mainly for two related reasons: owner misconceptions that cats do not need medical care.* |
| **Subtle disease presentation** | Cats are stoic and hide pain or discomfort. Signs of illness (e.g., lethargy, decreased appetite, changes in litter box habits) are often subtle and easily overlooked, so owners may not recognize the need for a vet visit. | *Harder to recognize disease – the signs of illness and pain are often difficult to detect in a reclusive or stoic cat, and cats are perceived as more self‑sufficient, so owners are less likely to seek routine veterinary care.* |
| **Lower perceived value of preventive care** | Because cats are seen as “independent,” owners may view preventive visits (vaccinations, dental checks, parasite control) as unnecessary or less urgent than for dogs. | Same as above. |
| **Veterinary practice focus** | Many clinics are dog‑centric: dog visits generate higher revenue, and staff may be more experienced with canine health. This can lead to less emphasis on feline preventive services. | Not directly in the retrieved snippet, but consistent with the broader literature on veterinary practice economics. |
| **Cost and time barriers** | Cats often require more time to examine (they may hide or be nervous), which can increase appointment length and cost. Owners may be reluctant to pay for what they perceive as “extra” services. | Not in the snippet, but widely reported in veterinary economics studies. |

### Bottom line
Cats are underserved primarily because **owner attitudes** (they think cats don’t need care) and **clinical challenges** (cats hide illness) combine to reduce the frequency of routine veterinary visits. This, in turn, limits opportunities for early detection of disease, preventive care, and overall health management. Addressing these gaps requires targeted education for cat owners, improved feline‑friendly examination techniques, and a shift in veterinary practice models to value feline preventive care as highly as canine care.","Cats are often underserved because owners may believe they do not need medical care, signs of illness and pain can be hard to detect, and cats are perceived as self-sufficient.",1.0,,
What is one major change in the 2021 feline life stage guidelines compared with the 2010 version?,"['A major change is the simplified grouping into five stages: four age-related stages plus an end-of-life stage, instead of the previous six-stage approach.']","**Major change:**  
The 2021 feline life‑stage guidelines simplified the classification of a cat’s lifespan by reducing the number of stages. While the 2010 version used **six** distinct life stages, the 2021 update consolidated them into **five** stages: kitten, young adult, mature adult, senior, and an end‑of‑life stage. This change streamlines care recommendations and aligns them more closely with current veterinary practice.  

*Source: Retrieval Augmented Generation tool response.*","A major change is the simplified grouping into five stages: four age-related stages plus an end-of-life stage, instead of the previous six-stage approach.",1.0,0.7142857142857143,
Why do the guidelines emphasize feline-friendly handling techniques?,"['They emphasize feline-friendly handling because it reduces stress, improves handler safety, creates a more positive experience, and helps remove barriers to regular feline healthcare.']","The guidelines stress **feline‑friendly handling** because it is the most effective way to break the main barrier that keeps many cats from getting routine veterinary care. According to the retrieved information:

* “Using feline‑friendly handling is a critical factor in eliminating the barriers to regular feline healthcare.”  
* “Safe and gentle handling will reduce the stress response of the patient. By applying feline‑friendly handling techniques, the team can proactively perform the entire examination and diagnostic.”  

In practice, these techniques:

1. **Lower cat stress** during transport, waiting, and examination.  
2. **Improve handler safety** by reducing defensive aggression.  
3. **Create a more positive experience** for the cat, client, and care team.  
4. **Encourage more frequent visits** and better adherence to preventive‑care recommendations.  

Thus, feline‑friendly handling is highlighted as a key strategy to make veterinary visits smoother, safer, and more routine for cats.","They emphasize feline-friendly handling because it reduces stress, improves handler safety, creates a more positive experience, and helps remove barriers to regular feline healthcare.",1.0,0.5,0.71
